New URI	LHOM Name element persName	LHOM Name att xml--id	LHOM Name att xml--lang	LHOM Name att srophe-tags	LHOM Name att source	LHOM Name att resp	LHOM Name att change	Name (alternate) element persName	Name (alternate) att xml--id	Name (alternate) att type	Name (alternate) att xml--lang	Name (alternate) att source	Name (alternate) att resp	Name (alternate) att change	Name (complete, Arabic, from Mueller index) element persName	Name (complete, Arabic, from Mueller index) att xml--id	Name (complete, Arabic, from Mueller index) att xml--lang	Name (complete, Arabic, from Mueller index) att source	Name (complete, Arabic, from Mueller index) att resp	Name (complete, Arabic, from Mueller index) att change	Name (complete, EI3 transcription based on Mueller index) element persName	Name (complete, EI3 transcription based on Mueller index) att xml--id	Name (complete, EI3 transcription based on Mueller index) att xml--lang	Name (complete, EI3 transcription based on Mueller index) att source	Name (complete, EI3 transcription based on Mueller index) att resp	LHOM Name 1 (transcription) element persName	LHOM Name 1 (transcription) att xml--id	LHOM Name 1 (transcription) att xml--lang	LHOM Name 1 (transcription) att source	LHOM Name 1 (transcription) att resp	LHOM Name 1 (transcription) att change	LHOM Name 1 (Arabic) element persName	LHOM Name 1 (Arabic) att xml--id	LHOM Name 1 (Arabic) att xml--lang	LHOM Name 1 (Arabic) att srophe-tags	LHOM Name 1 (Arabic) att source	LHOM Name 1 (Arabic) att resp	LHOM Name 2(transcription) element persName	LHOM Name 2(transcription) att xml--id	LHOM Name 2(transcription) att xml--lang	LHOM Name 2(transcription) att source	LHOM Name 2(transcription) att resp	LHOM Name 2 (Arabic) element persName	LHOM Name 2 (Arabic) att xml--id	LHOM Name 2 (Arabic) att xml--lang	LHOM Name 2 (Arabic) att srophe-tags	LHOM Name 2 (Arabic) att source	LHOM Name 2 (Arabic) att resp	Name (shuhra) element persName	Name (shuhra) att xml--id	Name (shuhra) att xml--lang	Name (shuhra) att type	Name (shuhra) att source	Name (shuhra) att resp	Name (shuhra) att change	Name 2 element persName	Name 2 att xml--id	Name 2 att xml--lang	Name 2 att source	Name 2 att resp	Name 3 element persName	Name 3 att xml--id	Name 3 att xml--lang	Name 3 att source	Name 3 att resp	Created Arabic Names element persName	Created Arabic Names att xml--id	Created Arabic Names att xml--lang	Created Arabic Names att srophe-tags	Created Arabic Names att resp	Created Arabic Names att change	LHOM Entry element note	LHOM Entry att xml--id	LHOM Entry att xml--lang	LHOM Entry att type	LHOM Entry att source	LHOM Entry att resp	LHOM Entry att change	Usaybia URI element idno	Usaybia URI att type	URI 1 element idno	URI 1 att type	URI 1 att resp	URI 2 element idno	URI 2 att type	URI 2 att resp	URI 3 element idno	URI 3 att type	URI 3 att resp	URI 4 element idno	URI 4 att type	URI 4 att resp	URI 5 element idno	URI 5 att type	URI 5 att resp	URI 6 element idno	URI 6 att type	URI 6 att resp	URI 7 element idno	URI 7 att type	URI 7 att resp	URI 8 element idno	URI 8 att type	URI 8 att resp	Occupation 1 element state	Occupation 1 att xml--lang	Occupation 1 att type	Occupation 1 att role	Occupation 1 att source	Occupation 1 att resp	Occupation 1 att change	child Occupation 1 element desc	Occupation 2 element state	Occupation 2 att xml--lang	Occupation 2 att type	Occupation 2 att role	Occupation 2 att source	Occupation 2 att resp	Occupation 2 att change	child Occupation 2 element desc	Occupation 3 element state	Occupation 3 att xml--lang	Occupation 3 att type	Occupation 3 att role	Occupation 3 att source	Occupation 3 att resp	Occupation 3 att change	child Occupation 3 element desc	Occupation 4 element state	Occupation 4 att xml--lang	Occupation 4 att type	Occupation 4 att role	Occupation 4 att source	Occupation 4 att resp	Occupation 4 att change	child Occupation 4 element desc	Affiliation signaled by occupation element state	Affiliation signaled by occupation att xml--lang	Affiliation signaled by occupation att type	Affiliation signaled by occupation att resp	Affiliation signaled by occupation att evidence	Affiliation signaled by occupation att cert	Affiliation signaled by occupation att change	child Affiliation signaled by occupation element label	Affiliation signaled by descendant's name or kunya element state	Affiliation signaled by descendant's name or kunya att xml--lang	Affiliation signaled by descendant's name or kunya att type	Affiliation signaled by descendant's name or kunya att resp	Affiliation signaled by descendant's name or kunya att evidence	Affiliation signaled by descendant's name or kunya att cert	Affiliation signaled by descendant's name or kunya att change	child Affiliation signaled by descendant's name or kunya element label	Affiliation signaled by ancestor's name element state	Affiliation signaled by ancestor's name att xml--lang	Affiliation signaled by ancestor's name att type	Affiliation signaled by ancestor's name att resp	Affiliation signaled by ancestor's name att evidence	Affiliation signaled by ancestor's name att cert	Affiliation signaled by ancestor's name att change	child Affiliation signaled by ancestor's name element label	Affiliation signaled by given name element state	Affiliation signaled by given name att xml--lang	Affiliation signaled by given name att type	Affiliation signaled by given name att resp	Affiliation signaled by given name att evidence	Affiliation signaled by given name att cert	Affiliation signaled by given name att change	child Affiliation signaled by given name element label	Affiliation in nisba element state	Affiliation in nisba att xml--lang	Affiliation in nisba att type	Affiliation in nisba att resp	Affiliation in nisba att evidence	Affiliation in nisba att cert	Affiliation in nisba att change	child Affiliation in nisba element label	Suggested Affiliation Keywords element state	Suggested Affiliation Keywords att xml--lang	Suggested Affiliation Keywords att type	Suggested Affiliation Keywords att resp	Suggested Affiliation Keywords att source	Suggested Affiliation Keywords att change	child Suggested Affiliation Keywords element label	Source 1 element bibl	Source 1 att xml--id	Source 1 att change	child Source 1 Title element title	child Source 1 Title att level	child Source 1 URI element ptr	child Source 1 URI att target	child Source 1 LHOM Section Number 1 element citedRange	child Source 1 LHOM Section Number 1 att ana	child Source 1 LHOM Section Number 1 att unit	child Source 1 LHOM Section Number 1 att target	child Source 1 LHOM Section Number 2 element citedRange	child Source 1 LHOM Section Number 2 att ana	child Source 1 LHOM Section Number 2 att unit	child Source 1 LHOM Section Number 2 att target	child Source 1 LHOM Section element citedRange	child Source 1 LHOM Section att unit	child Source 1 LHOM Section att target	Source 2 element bibl	Source 2 att xml--id	child Source 2 Title element title	child Source 2 Title att xml--lang	child Source 2 Title att level	child Source 2 URI element ptr	child Source 2 URI att target	Change1 element change	Change1 att who	Change1 att n	Change1 att when	Change1 att xml--id	Change2 element change	Change2 att who	Change2 att n	Change2 att when	Change2 att xml--id	Change3 element change	Change3 att who	Change3 att n	Change3 att when	Change3 att xml--id	Change4 element change	Change4 att who	Change4 att n	Change4 att when	Change4 att xml--id	Change5 element change	Change5 att who	Change5 att n	Change5 att when	Change5 att xml--id	Change6 element change	Change6 att who	Change6 att n	Change6 att when	Change6 att xml--id	Change7 element change	Change7 att who	Change7 att n	Change7 att when	Change7 att xml--id	Change8 element change	Change8 att who	Change8 att n	Change8 att when	Change8 att xml--id	Change9 element change	Change9 att who	Change9 att n	Change9 att when	Change9 att xml--id	Change10 element change	Change10 att who	Change10 att n	Change10 att when	Change10 att xml--id
***New URI	persName syriaca-headword.Source 1.en-x-lhom							persName.Source alternate							persName.Source 2.ar						persName.Source 2.en-x-ei3					persName.Source 1.en-x-lhom						persName syriaca-headword.Source 1.ar						persName.Source 1.en-x-lhom					persName.Source 1.ar						persName.Source 1.en-x-lhom							persName.Source 1.en-x-lhom					persName.Source 1.en-x-lhom					Created Arabic Names						note abstract.Source 1.en							idno URI		idno URI			idno URI			idno URI			idno URI			idno URI			idno URI			idno URI			idno URI			state occupation.Source 1.en								state occupation.Source 1.en								state occupation.Source 1.en								state occupation.Source 1.en								state religious-affiliation-occupation.en								state religious-affiliation-descendant-name.en								state religious-affiliation-ancestor-name.en								state religious-affiliation-given-name.en								state religious-affiliation-nisba.en								state religious-affiliation.Source 1.en							Source 1							citedRange section.Source 1				citedRange section.Source 1				citedRange section.Source 1			Source 2							Change1					Change2					Change3					Change4					Change5					Change6					Change7					Change8					Change9					Change10				
***group	LHOM Name	LHOM Name	LHOM Name	LHOM Name	LHOM Name	LHOM Name	LHOM Name	Name (alternate)	Name (alternate)	Name (alternate)	Name (alternate)	Name (alternate)	Name (alternate)	Name (alternate)	Name (complete, Arabic, from Mueller index)	Name (complete, Arabic, from Mueller index)	Name (complete, Arabic, from Mueller index)	Name (complete, Arabic, from Mueller index)	Name (complete, Arabic, from Mueller index)	Name (complete, Arabic, from Mueller index)	Name (complete, EI3 transcription based on Mueller index)	Name (complete, EI3 transcription based on Mueller index)	Name (complete, EI3 transcription based on Mueller index)	Name (complete, EI3 transcription based on Mueller index)	Name (complete, EI3 transcription based on Mueller index)	LHOM Name 1 (transcription)	LHOM Name 1 (transcription)	LHOM Name 1 (transcription)	LHOM Name 1 (transcription)	LHOM Name 1 (transcription)	LHOM Name 1 (transcription)	LHOM Name 1 (Arabic)	LHOM Name 1 (Arabic)	LHOM Name 1 (Arabic)	LHOM Name 1 (Arabic)	LHOM Name 1 (Arabic)	LHOM Name 1 (Arabic)	LHOM Name 2(transcription)	LHOM Name 2(transcription)	LHOM Name 2(transcription)	LHOM Name 2(transcription)	LHOM Name 2(transcription)	LHOM Name 2 (Arabic)	LHOM Name 2 (Arabic)	LHOM Name 2 (Arabic)	LHOM Name 2 (Arabic)	LHOM Name 2 (Arabic)	LHOM Name 2 (Arabic)	Name (shuhra)	Name (shuhra)	Name (shuhra)	Name (shuhra)	Name (shuhra)	Name (shuhra)	Name (shuhra)	Name 2	Name 2	Name 2	Name 2	Name 2	Name 3	Name 3	Name 3	Name 3	Name 3	Created Arabic Names	Created Arabic Names	Created Arabic Names	Created Arabic Names	Created Arabic Names	Created Arabic Names	LHOM Entry	LHOM Entry	LHOM Entry	LHOM Entry	LHOM Entry	LHOM Entry	LHOM Entry	Usaybia URI	Usaybia URI	URI 1	URI 1	URI 1	URI 2	URI 2	URI 2	URI 3	URI 3	URI 3	URI 4	URI 4	URI 4	URI 5	URI 5	URI 5	URI 6	URI 6	URI 6	URI 7	URI 7	URI 7	URI 8	URI 8	URI 8	Occupation 1	Occupation 1	Occupation 1	Occupation 1	Occupation 1	Occupation 1	Occupation 1	child Occupation 1	Occupation 2	Occupation 2	Occupation 2	Occupation 2	Occupation 2	Occupation 2	Occupation 2	child Occupation 2	Occupation 3	Occupation 3	Occupation 3	Occupation 3	Occupation 3	Occupation 3	Occupation 3	child Occupation 3	Occupation 4	Occupation 4	Occupation 4	Occupation 4	Occupation 4	Occupation 4	Occupation 4	child Occupation 4	Affiliation signaled by occupation	Affiliation signaled by occupation	Affiliation signaled by occupation	Affiliation signaled by occupation	Affiliation signaled by occupation	Affiliation signaled by occupation	Affiliation signaled by occupation	child Affiliation signaled by occupation	Affiliation signaled by descendant's name or kunya	Affiliation signaled by descendant's name or kunya	Affiliation signaled by descendant's name or kunya	Affiliation signaled by descendant's name or kunya	Affiliation signaled by descendant's name or kunya	Affiliation signaled by descendant's name or kunya	Affiliation signaled by descendant's name or kunya	child Affiliation signaled by descendant's name or kunya	Affiliation signaled by ancestor's name	Affiliation signaled by ancestor's name	Affiliation signaled by ancestor's name	Affiliation signaled by ancestor's name	Affiliation signaled by ancestor's name	Affiliation signaled by ancestor's name	Affiliation signaled by ancestor's name	child Affiliation signaled by ancestor's name	Affiliation signaled by given name	Affiliation signaled by given name	Affiliation signaled by given name	Affiliation signaled by given name	Affiliation signaled by given name	Affiliation signaled by given name	Affiliation signaled by given name	child Affiliation signaled by given name	Affiliation in nisba	Affiliation in nisba	Affiliation in nisba	Affiliation in nisba	Affiliation in nisba	Affiliation in nisba	Affiliation in nisba	child Affiliation in nisba	Suggested Affiliation Keywords	Suggested Affiliation Keywords	Suggested Affiliation Keywords	Suggested Affiliation Keywords	Suggested Affiliation Keywords	Suggested Affiliation Keywords	child Suggested Affiliation Keywords	Source 1	Source 1	Source 1	child Source 1 Title	child Source 1 Title	child Source 1 URI	child Source 1 URI	child Source 1 LHOM Section Number 1	child Source 1 LHOM Section Number 1	child Source 1 LHOM Section Number 1	child Source 1 LHOM Section Number 1	child Source 1 LHOM Section Number 2	child Source 1 LHOM Section Number 2	child Source 1 LHOM Section Number 2	child Source 1 LHOM Section Number 2	child Source 1 LHOM Section	child Source 1 LHOM Section	child Source 1 LHOM Section	Source 2	Source 2	child Source 2 Title	child Source 2 Title	child Source 2 Title	child Source 2 URI	child Source 2 URI	Change1	Change1	Change1	Change1	Change1	Change2	Change2	Change2	Change2	Change2	Change3	Change3	Change3	Change3	Change3	Change4	Change4	Change4	Change4	Change4	Change5	Change5	Change5	Change5	Change5	Change6	Change6	Change6	Change6	Change6	Change7	Change7	Change7	Change7	Change7	Change8	Change8	Change8	Change8	Change8	Change9	Change9	Change9	Change9	Change9	Change10	Change10	Change10	Change10	Change10
***type	element persName	att xml--id	att xml--lang	att srophe-tags	att source	att resp	att change	element persName	att xml--id	att type	att xml--lang	att source	att resp	att change	element persName	att xml--id	att xml--lang	att source	att resp	att change	element persName	att xml--id	att xml--lang	att source	att resp	element persName	att xml--id	att xml--lang	att source	att resp	att change	element persName	att xml--id	att xml--lang	att srophe-tags	att source	att resp	element persName	att xml--id	att xml--lang	att source	att resp	element persName	att xml--id	att xml--lang	att srophe-tags	att source	att resp	element persName	att xml--id	att xml--lang	att type	att source	att resp	att change	element persName	att xml--id	att xml--lang	att source	att resp	element persName	att xml--id	att xml--lang	att source	att resp	element persName	att xml--id	att xml--lang	att srophe-tags	att resp	att change	element note	att xml--id	att xml--lang	att type	att source	att resp	att change	element idno	att type	element idno	att type	att resp	element idno	att type	att resp	element idno	att type	att resp	element idno	att type	att resp	element idno	att type	att resp	element idno	att type	att resp	element idno	att type	att resp	element idno	att type	att resp	element state	att xml--lang	att type	att role	att source	att resp	att change	element desc	element state	att xml--lang	att type	att role	att source	att resp	att change	element desc	element state	att xml--lang	att type	att role	att source	att resp	att change	element desc	element state	att xml--lang	att type	att role	att source	att resp	att change	element desc	element state	att xml--lang	att type	att resp	att evidence	att cert	att change	element label	element state	att xml--lang	att type	att resp	att evidence	att cert	att change	element label	element state	att xml--lang	att type	att resp	att evidence	att cert	att change	element label	element state	att xml--lang	att type	att resp	att evidence	att cert	att change	element label	element state	att xml--lang	att type	att resp	att evidence	att cert	att change	element label	element state	att xml--lang	att type	att resp	att source	att change	element label	element bibl	att xml--id	att change	element title	att level	element ptr	att target	element citedRange	att ana	att unit	att target	element citedRange	att ana	att unit	att target	element citedRange	att unit	att target	element bibl	att xml--id	element title	att xml--lang	att level	element ptr	att target	element change	att who	att n	att when	att xml--id	element change	att who	att n	att when	att xml--id	element change	att who	att n	att when	att xml--id	element change	att who	att n	att when	att xml--id	element change	att who	att n	att when	att xml--id	element change	att who	att n	att when	att xml--id	element change	att who	att n	att when	att xml--id	element change	att who	att n	att when	att xml--id	element change	att who	att n	att when	att xml--id	element change	att who	att n	att when	att xml--id
***lookup column name	LHOM Name					Checked Name Entry Refs?		Name (alternate)							Name (complete, Arabic, from Mueller index)						Name (complete, EI3 transcription based on Mueller index)					LHOM Name 1 (transcription)						LHOM Name 1 (Arabic)						LHOM Name 2(transcription)					LHOM Name 2 (Arabic)						Name (shuhra)							Name 2					Name 3					Created Arabic Names				Checked/Corrected Arabic name based on LHOM English (Initials)		LHOM Entry					Checked Name Entry Refs?				URI 1			URI 2			URI 3			URI 4			URI 5			URI 6			URI 7			URI 8						Occupation 1				Occupation 1				Occupation 2				Occupation 2				Occupation 3				Occupation 3				Occupation 4				Occupation 4								Affiliation signaled by occupation								Affiliation signaled by descendant's name or kunya								Affiliation signaled by ancestor's name								Affiliation signaled by given name								Affiliation in nisba							Suggested Affiliation Keywords							Source 1	LHOM Section Number 1				LHOM Section Number 2				Refs									Source 2	Changelog (see changelog worksheet)					Changelog (see changelog worksheet)					Changelog (see changelog worksheet)					Changelog (see changelog worksheet)					Changelog (see changelog worksheet)					Changelog (see changelog worksheet)																								
***lookup column number	5					10		15							41						42					44						45						47					48						49							61					62					79				78		6					10				51			52			53			54			55			56			57			58						23				23				24				24				25				25				26				26								27								28								29								30								31							32							73	43				46				9									74	80					80					80					80					80					80																								
***default values			en							alternate	en		#mmoliere	#change-9			ar		#mmoliere	#change-9			he		#mmoliere			en-x-lhom		#mmoliere				ar			#mmoliere			en-x-lhom		#mmoliere			ar			#mmoliere			en-x-lhom	shuhra		#mmoliere	#change-8			en-x-lhom		#mmoliere			en-x-lhom		#mmoliere			ar						en	abstract					URI		URI	#mmoliere		URI	#mmoliere		URI	#mmoliere		URI	#mmoliere		URI	#mmoliere		URI	#mmoliere		URI	#mmoliere		URI	#mmoliere	_	en	occupation			#mmoliere			_	en	occupation			#mmoliere			_	en	occupation			#mmoliere			_	en	occupation			#mmoliere			_	en	religious-affiliation	#mmoliere	occupation	high			_	en	religious-affiliation	#mmoliere	descendant-name	low			_	en	religious-affiliation	#mmoliere	ancestor-name	low			_	en	religious-affiliation	#mmoliere	given-name	low			_	en	religious-affiliation	#mmoliere	nisba	high			_	en	religious-affiliation	#mmoliere								m				entry	section	https://dh.brill.com/scholarlyeditions/reader/urn:cts:arabicLit:0668IbnAbiUsaibia.Tabaqatalatibba.lhom-ed-ara1:		entry	section	https://dh.brill.com/scholarlyeditions/reader/urn:cts:arabicLit:0668IbnAbiUsaibia.Tabaqatalatibba.lhom-ed-ara1:		section	https://dh.brill.com/scholarlyeditions/reader/urn:cts:arabicLit:0668IbnAbiUsaibia.Tabaqatalatibba.lhom-ed-ara1:				ar	m			CREATED: person from spreadsheet https://docs.google.com/spreadsheets/d/1qB4m5KgbYJNMEFvtnhqB1maWcyWmk72SLd2Lev4ReOE/edit#gid=1488304675.                 The canonical record is currently in the spreadsheet. Changes should be made there. THIS FILE SHOULD NOT BE MANUALLY EDITED!	http://majlis.net/documentation/editors.xml#mmoliere	0.2	2021-10-21+02:00	change-1		http://majlis.net/documentation/editors.xml#ngibson	0.3	2020-06-25+02:00	change-2		http://majlis.net/documentation/editors.xml#ngibson	0.6.0-dev	2021-03-08+02:00	change-3		http://majlis.net/documentation/editors.xml#ngibson	0.6.0-dev	2021-03-08+02:00	change-4		http://majlis.net/documentation/editors.xml#ngibson	0.6.0-dev	2021-03-10+02:00	change-5		http://majlis.net/documentation/editors.xml#ngibson https://majlis.net/documentation/editors.xml#hfriedel	0.6.0-dev	2021-05-27+02:00	change-6		http://majlis.net/documentation/editors.xml#ngibson	0.6.0-dev	2021-06-10+02:00	change-7		http://majlis.net/documentation/editors.xml#ngibson http://majlis.net/documentation/editors.xml#mtolay http://majlis.net/documentation/editors.xml#rschmahl	0.6.0-dev	2021-06-11+02:00	change-8		http://majlis.net/documentation/editors.xml#ngibson	0.6.0-dev	2021-06-11+02:00	change-9		http://majlis.net/documentation/editors.xml#ngibson	0.6.0-dev	2021-06-23+02:00	change-10
1	Daniel al-Qūmisī	name1-1	en	#syriaca-headword	#bib1-1	#mmoliere		al-Dāmaghānī	name1-2	alternate	en	#bib1-2	#mmoliere				ar		#mmoliere				he		#mmoliere			en-x-lhom		#mmoliere				ar			#mmoliere			en-x-lhom		#mmoliere			ar			#mmoliere			en-x-lhom	shuhra		#mmoliere				en-x-lhom		#mmoliere			en-x-lhom		#mmoliere			ar				Daniel al-Qūmisī	abstract-en-1	en	abstract	#bib1-1			https://majlis.net/person/1	URI	https://isni.org/isni/0000000393588642	URI	#mmoliere		URI	#mmoliere		URI	#mmoliere		URI	#mmoliere		URI	#mmoliere		URI	#mmoliere		URI	#mmoliere		URI	#mmoliere	_	en	occupation	author	#bib1-1	#mmoliere		author		en	occupation			#mmoliere				en	occupation			#mmoliere				en	occupation			#mmoliere				en	religious-affiliation	#mmoliere	occupation	high				en	religious-affiliation	#mmoliere	descendant-name	low				en	religious-affiliation	#mmoliere	ancestor-name	low				en	religious-affiliation	#mmoliere	given-name	low				en	religious-affiliation	#mmoliere	nisba	high				en	religious-affiliation	#mmoliere					bib1-1			m	_	https://majlis.net/bibl/		entry	section			entry	section			section			bib1-2		ar	m	_	https://majlis.net/bibl/	CREATED: person from spreadsheet https://docs.google.com/spreadsheets/d/1qB4m5KgbYJNMEFvtnhqB1maWcyWmk72SLd2Lev4ReOE/edit#gid=1488304675.                 The canonical record is currently in the spreadsheet. Changes should be made there. THIS FILE SHOULD NOT BE MANUALLY EDITED!	http://majlis.net/documentation/editors.xml#mmoliere	0.2	2021-10-21+02:00	change-1		http://majlis.net/documentation/editors.xml#ngibson	0.3	2020-06-25+02:00	change-2		http://majlis.net/documentation/editors.xml#ngibson	0.6.0-dev	2021-03-08+02:00	change-3		http://majlis.net/documentation/editors.xml#ngibson	0.6.0-dev	2021-03-08+02:00	change-4		http://majlis.net/documentation/editors.xml#ngibson	0.6.0-dev	2021-03-10+02:00	change-5		http://majlis.net/documentation/editors.xml#ngibson https://majlis.net/documentation/editors.xml#hfriedel	0.6.0-dev	2021-05-27+02:00	change-6		http://majlis.net/documentation/editors.xml#ngibson	0.6.0-dev	2021-06-10+02:00	change-7		http://majlis.net/documentation/editors.xml#ngibson http://majlis.net/documentation/editors.xml#mtolay http://majlis.net/documentation/editors.xml#rschmahl	0.6.0-dev	2021-06-11+02:00	change-8		http://majlis.net/documentation/editors.xml#ngibson	0.6.0-dev	2021-06-11+02:00	change-9		http://majlis.net/documentation/editors.xml#ngibson	0.6.0-dev	2021-06-23+02:00	change-10
2	Salmon ben Yerūḥim	name2-1	en	#syriaca-headword	#bib2-1	#mmoliere				alternate	en		#mmoliere				ar		#mmoliere				he		#mmoliere			en-x-lhom		#mmoliere				ar			#mmoliere			en-x-lhom		#mmoliere			ar			#mmoliere			en-x-lhom	shuhra		#mmoliere				en-x-lhom		#mmoliere			en-x-lhom		#mmoliere			ar				Salmon ben Yerūḥim	abstract-en-2	en	abstract	#bib2-1			https://majlis.net/person/2	URI	https://isni.org/isni/0000000120128149	URI	#mmoliere		URI	#mmoliere		URI	#mmoliere		URI	#mmoliere		URI	#mmoliere		URI	#mmoliere		URI	#mmoliere		URI	#mmoliere	_	en	occupation	author	#bib2-1	#mmoliere		author		en	occupation			#mmoliere				en	occupation			#mmoliere				en	occupation			#mmoliere				en	religious-affiliation	#mmoliere	occupation	high				en	religious-affiliation	#mmoliere	descendant-name	low				en	religious-affiliation	#mmoliere	ancestor-name	low				en	religious-affiliation	#mmoliere	given-name	low				en	religious-affiliation	#mmoliere	nisba	high				en	religious-affiliation	#mmoliere					bib2-1			m	_	https://majlis.net/bibl/		entry	section			entry	section			section			bib2-2		ar	m	_	https://majlis.net/bibl/	CREATED: person from spreadsheet https://docs.google.com/spreadsheets/d/1qB4m5KgbYJNMEFvtnhqB1maWcyWmk72SLd2Lev4ReOE/edit#gid=1488304675.                 The canonical record is currently in the spreadsheet. Changes should be made there. THIS FILE SHOULD NOT BE MANUALLY EDITED!	http://majlis.net/documentation/editors.xml#mmoliere	0.2	2021-10-21+02:00	change-1		http://majlis.net/documentation/editors.xml#ngibson	0.3	2020-06-25+02:00	change-2		http://majlis.net/documentation/editors.xml#ngibson	0.6.0-dev	2021-03-08+02:00	change-3		http://majlis.net/documentation/editors.xml#ngibson	0.6.0-dev	2021-03-08+02:00	change-4		http://majlis.net/documentation/editors.xml#ngibson	0.6.0-dev	2021-03-10+02:00	change-5		http://majlis.net/documentation/editors.xml#ngibson https://majlis.net/documentation/editors.xml#hfriedel	0.6.0-dev	2021-05-27+02:00	change-6		http://majlis.net/documentation/editors.xml#ngibson	0.6.0-dev	2021-06-10+02:00	change-7		http://majlis.net/documentation/editors.xml#ngibson http://majlis.net/documentation/editors.xml#mtolay http://majlis.net/documentation/editors.xml#rschmahl	0.6.0-dev	2021-06-11+02:00	change-8		http://majlis.net/documentation/editors.xml#ngibson	0.6.0-dev	2021-06-11+02:00	change-9		http://majlis.net/documentation/editors.xml#ngibson	0.6.0-dev	2021-06-23+02:00	change-10
3	Sahl ben Maṣliaḥ	name3-1	en	#syriaca-headword	#bib3-1	#mmoliere		Abū l-Sarrī/Sirrī/Surrī	name3-2	alternate	en	#bib3-2	#mmoliere				ar		#mmoliere				he		#mmoliere			en-x-lhom		#mmoliere				ar			#mmoliere			en-x-lhom		#mmoliere			ar			#mmoliere			en-x-lhom	shuhra		#mmoliere				en-x-lhom		#mmoliere			en-x-lhom		#mmoliere			ar				Sahl ben Maṣliaḥ	abstract-en-3	en	abstract	#bib3-1			https://majlis.net/person/3	URI		URI	#mmoliere		URI	#mmoliere		URI	#mmoliere		URI	#mmoliere		URI	#mmoliere		URI	#mmoliere		URI	#mmoliere		URI	#mmoliere	_	en	occupation	author	#bib3-1	#mmoliere		author		en	occupation			#mmoliere				en	occupation			#mmoliere				en	occupation			#mmoliere				en	religious-affiliation	#mmoliere	occupation	high				en	religious-affiliation	#mmoliere	descendant-name	low				en	religious-affiliation	#mmoliere	ancestor-name	low				en	religious-affiliation	#mmoliere	given-name	low				en	religious-affiliation	#mmoliere	nisba	high				en	religious-affiliation	#mmoliere					bib3-1			m	_	https://majlis.net/bibl/		entry	section			entry	section			section			bib3-2		ar	m	_	https://majlis.net/bibl/	CREATED: person from spreadsheet https://docs.google.com/spreadsheets/d/1qB4m5KgbYJNMEFvtnhqB1maWcyWmk72SLd2Lev4ReOE/edit#gid=1488304675.                 The canonical record is currently in the spreadsheet. Changes should be made there. THIS FILE SHOULD NOT BE MANUALLY EDITED!	http://majlis.net/documentation/editors.xml#mmoliere	0.2	2021-10-21+02:00	change-1		http://majlis.net/documentation/editors.xml#ngibson	0.3	2020-06-25+02:00	change-2		http://majlis.net/documentation/editors.xml#ngibson	0.6.0-dev	2021-03-08+02:00	change-3		http://majlis.net/documentation/editors.xml#ngibson	0.6.0-dev	2021-03-08+02:00	change-4		http://majlis.net/documentation/editors.xml#ngibson	0.6.0-dev	2021-03-10+02:00	change-5		http://majlis.net/documentation/editors.xml#ngibson https://majlis.net/documentation/editors.xml#hfriedel	0.6.0-dev	2021-05-27+02:00	change-6		http://majlis.net/documentation/editors.xml#ngibson	0.6.0-dev	2021-06-10+02:00	change-7		http://majlis.net/documentation/editors.xml#ngibson http://majlis.net/documentation/editors.xml#mtolay http://majlis.net/documentation/editors.xml#rschmahl	0.6.0-dev	2021-06-11+02:00	change-8		http://majlis.net/documentation/editors.xml#ngibson	0.6.0-dev	2021-06-11+02:00	change-9		http://majlis.net/documentation/editors.xml#ngibson	0.6.0-dev	2021-06-23+02:00	change-10
4	Yefet ben ʿElī	name4-1	en	#syriaca-headword	#bib4-1	#mmoliere		Abū ʿAlī Ḥasan al-Baṣrī	name4-2	alternate	en	#bib4-2	#mmoliere				ar		#mmoliere				he		#mmoliere			en-x-lhom		#mmoliere				ar			#mmoliere			en-x-lhom		#mmoliere			ar			#mmoliere			en-x-lhom	shuhra		#mmoliere				en-x-lhom		#mmoliere			en-x-lhom		#mmoliere			ar				Yefet ben ʿElī	abstract-en-4	en	abstract	#bib4-1			https://majlis.net/person/4	URI	https://isni.org/isni/0000000108004178	URI	#mmoliere		URI	#mmoliere		URI	#mmoliere		URI	#mmoliere		URI	#mmoliere		URI	#mmoliere		URI	#mmoliere		URI	#mmoliere	_	en	occupation	author	#bib4-1	#mmoliere		author		en	occupation			#mmoliere				en	occupation			#mmoliere				en	occupation			#mmoliere				en	religious-affiliation	#mmoliere	occupation	high				en	religious-affiliation	#mmoliere	descendant-name	low				en	religious-affiliation	#mmoliere	ancestor-name	low				en	religious-affiliation	#mmoliere	given-name	low				en	religious-affiliation	#mmoliere	nisba	high				en	religious-affiliation	#mmoliere					bib4-1			m	_	https://majlis.net/bibl/		entry	section			entry	section			section			bib4-2		ar	m	_	https://majlis.net/bibl/	CREATED: person from spreadsheet https://docs.google.com/spreadsheets/d/1qB4m5KgbYJNMEFvtnhqB1maWcyWmk72SLd2Lev4ReOE/edit#gid=1488304675.                 The canonical record is currently in the spreadsheet. Changes should be made there. THIS FILE SHOULD NOT BE MANUALLY EDITED!	http://majlis.net/documentation/editors.xml#mmoliere	0.2	2021-10-21+02:00	change-1		http://majlis.net/documentation/editors.xml#ngibson	0.3	2020-06-25+02:00	change-2		http://majlis.net/documentation/editors.xml#ngibson	0.6.0-dev	2021-03-08+02:00	change-3		http://majlis.net/documentation/editors.xml#ngibson	0.6.0-dev	2021-03-08+02:00	change-4		http://majlis.net/documentation/editors.xml#ngibson	0.6.0-dev	2021-03-10+02:00	change-5		http://majlis.net/documentation/editors.xml#ngibson https://majlis.net/documentation/editors.xml#hfriedel	0.6.0-dev	2021-05-27+02:00	change-6		http://majlis.net/documentation/editors.xml#ngibson	0.6.0-dev	2021-06-10+02:00	change-7		http://majlis.net/documentation/editors.xml#ngibson http://majlis.net/documentation/editors.xml#mtolay http://majlis.net/documentation/editors.xml#rschmahl	0.6.0-dev	2021-06-11+02:00	change-8		http://majlis.net/documentation/editors.xml#ngibson	0.6.0-dev	2021-06-11+02:00	change-9		http://majlis.net/documentation/editors.xml#ngibson	0.6.0-dev	2021-06-23+02:00	change-10
5	Abū ’l-Surrī ibn Zīṭā	name5-1	en	#syriaca-headword	#bib5-1	#mmoliere				alternate	en		#mmoliere				ar		#mmoliere				he		#mmoliere			en-x-lhom		#mmoliere				ar			#mmoliere			en-x-lhom		#mmoliere			ar			#mmoliere			en-x-lhom	shuhra		#mmoliere				en-x-lhom		#mmoliere			en-x-lhom		#mmoliere			ar				Abū ’l-Surrī ibn Zīṭā	abstract-en-5	en	abstract	#bib5-1			https://majlis.net/person/5	URI		URI	#mmoliere		URI	#mmoliere		URI	#mmoliere		URI	#mmoliere		URI	#mmoliere		URI	#mmoliere		URI	#mmoliere		URI	#mmoliere	_	en	occupation	author	#bib5-1	#mmoliere		author		en	occupation			#mmoliere				en	occupation			#mmoliere				en	occupation			#mmoliere				en	religious-affiliation	#mmoliere	occupation	high				en	religious-affiliation	#mmoliere	descendant-name	low				en	religious-affiliation	#mmoliere	ancestor-name	low				en	religious-affiliation	#mmoliere	given-name	low				en	religious-affiliation	#mmoliere	nisba	high				en	religious-affiliation	#mmoliere					bib5-1			m	_	https://majlis.net/bibl/		entry	section			entry	section			section			bib5-2		ar	m	_	https://majlis.net/bibl/	CREATED: person from spreadsheet https://docs.google.com/spreadsheets/d/1qB4m5KgbYJNMEFvtnhqB1maWcyWmk72SLd2Lev4ReOE/edit#gid=1488304675.                 The canonical record is currently in the spreadsheet. Changes should be made there. THIS FILE SHOULD NOT BE MANUALLY EDITED!	http://majlis.net/documentation/editors.xml#mmoliere	0.2	2021-10-21+02:00	change-1		http://majlis.net/documentation/editors.xml#ngibson	0.3	2020-06-25+02:00	change-2		http://majlis.net/documentation/editors.xml#ngibson	0.6.0-dev	2021-03-08+02:00	change-3		http://majlis.net/documentation/editors.xml#ngibson	0.6.0-dev	2021-03-08+02:00	change-4		http://majlis.net/documentation/editors.xml#ngibson	0.6.0-dev	2021-03-10+02:00	change-5		http://majlis.net/documentation/editors.xml#ngibson https://majlis.net/documentation/editors.xml#hfriedel	0.6.0-dev	2021-05-27+02:00	change-6		http://majlis.net/documentation/editors.xml#ngibson	0.6.0-dev	2021-06-10+02:00	change-7		http://majlis.net/documentation/editors.xml#ngibson http://majlis.net/documentation/editors.xml#mtolay http://majlis.net/documentation/editors.xml#rschmahl	0.6.0-dev	2021-06-11+02:00	change-8		http://majlis.net/documentation/editors.xml#ngibson	0.6.0-dev	2021-06-11+02:00	change-9		http://majlis.net/documentation/editors.xml#ngibson	0.6.0-dev	2021-06-23+02:00	change-10
6	David ben Boʿaz	name6-1	en	#syriaca-headword	#bib6-1	#mmoliere		al-Raʾīs Abū Saʿīd	name6-2	alternate	en	#bib6-2	#mmoliere				ar		#mmoliere				he		#mmoliere			en-x-lhom		#mmoliere				ar			#mmoliere			en-x-lhom		#mmoliere			ar			#mmoliere			en-x-lhom	shuhra		#mmoliere				en-x-lhom		#mmoliere			en-x-lhom		#mmoliere			ar				David ben Boʿaz	abstract-en-6	en	abstract	#bib6-1			https://majlis.net/person/6	URI		URI	#mmoliere		URI	#mmoliere		URI	#mmoliere		URI	#mmoliere		URI	#mmoliere		URI	#mmoliere		URI	#mmoliere		URI	#mmoliere	_	en	occupation	author	#bib6-1	#mmoliere		author		en	occupation			#mmoliere				en	occupation			#mmoliere				en	occupation			#mmoliere				en	religious-affiliation	#mmoliere	occupation	high				en	religious-affiliation	#mmoliere	descendant-name	low				en	religious-affiliation	#mmoliere	ancestor-name	low				en	religious-affiliation	#mmoliere	given-name	low				en	religious-affiliation	#mmoliere	nisba	high				en	religious-affiliation	#mmoliere					bib6-1			m	_	https://majlis.net/bibl/		entry	section			entry	section			section			bib6-2		ar	m	_	https://majlis.net/bibl/	CREATED: person from spreadsheet https://docs.google.com/spreadsheets/d/1qB4m5KgbYJNMEFvtnhqB1maWcyWmk72SLd2Lev4ReOE/edit#gid=1488304675.                 The canonical record is currently in the spreadsheet. Changes should be made there. THIS FILE SHOULD NOT BE MANUALLY EDITED!	http://majlis.net/documentation/editors.xml#mmoliere	0.2	2021-10-21+02:00	change-1		http://majlis.net/documentation/editors.xml#ngibson	0.3	2020-06-25+02:00	change-2		http://majlis.net/documentation/editors.xml#ngibson	0.6.0-dev	2021-03-08+02:00	change-3		http://majlis.net/documentation/editors.xml#ngibson	0.6.0-dev	2021-03-08+02:00	change-4		http://majlis.net/documentation/editors.xml#ngibson	0.6.0-dev	2021-03-10+02:00	change-5		http://majlis.net/documentation/editors.xml#ngibson https://majlis.net/documentation/editors.xml#hfriedel	0.6.0-dev	2021-05-27+02:00	change-6		http://majlis.net/documentation/editors.xml#ngibson	0.6.0-dev	2021-06-10+02:00	change-7		http://majlis.net/documentation/editors.xml#ngibson http://majlis.net/documentation/editors.xml#mtolay http://majlis.net/documentation/editors.xml#rschmahl	0.6.0-dev	2021-06-11+02:00	change-8		http://majlis.net/documentation/editors.xml#ngibson	0.6.0-dev	2021-06-11+02:00	change-9		http://majlis.net/documentation/editors.xml#ngibson	0.6.0-dev	2021-06-23+02:00	change-10
7	Abū ’l-Faraj Hārūn ibn al-Faraj	name7-1	en	#syriaca-headword	#bib7-1	#mmoliere		Aaron b. Jeshua; Abū Hārūn al-Maqdisī	name7-2	alternate	en	#bib7-2	#mmoliere				ar		#mmoliere				he		#mmoliere			en-x-lhom		#mmoliere				ar			#mmoliere			en-x-lhom		#mmoliere			ar			#mmoliere			en-x-lhom	shuhra		#mmoliere				en-x-lhom		#mmoliere			en-x-lhom		#mmoliere			ar				Abū ’l-Faraj Hārūn ibn al-Faraj	abstract-en-7	en	abstract	#bib7-1			https://majlis.net/person/7	URI	https://isni.org/isni/0000000117603092	URI	#mmoliere		URI	#mmoliere		URI	#mmoliere		URI	#mmoliere		URI	#mmoliere		URI	#mmoliere		URI	#mmoliere		URI	#mmoliere	_	en	occupation	author	#bib7-1	#mmoliere		author		en	occupation			#mmoliere				en	occupation			#mmoliere				en	occupation			#mmoliere				en	religious-affiliation	#mmoliere	occupation	high				en	religious-affiliation	#mmoliere	descendant-name	low				en	religious-affiliation	#mmoliere	ancestor-name	low				en	religious-affiliation	#mmoliere	given-name	low				en	religious-affiliation	#mmoliere	nisba	high				en	religious-affiliation	#mmoliere					bib7-1			m	_	https://majlis.net/bibl/		entry	section			entry	section			section			bib7-2		ar	m	_	https://majlis.net/bibl/	CREATED: person from spreadsheet https://docs.google.com/spreadsheets/d/1qB4m5KgbYJNMEFvtnhqB1maWcyWmk72SLd2Lev4ReOE/edit#gid=1488304675.                 The canonical record is currently in the spreadsheet. Changes should be made there. THIS FILE SHOULD NOT BE MANUALLY EDITED!	http://majlis.net/documentation/editors.xml#mmoliere	0.2	2021-10-21+02:00	change-1		http://majlis.net/documentation/editors.xml#ngibson	0.3	2020-06-25+02:00	change-2		http://majlis.net/documentation/editors.xml#ngibson	0.6.0-dev	2021-03-08+02:00	change-3		http://majlis.net/documentation/editors.xml#ngibson	0.6.0-dev	2021-03-08+02:00	change-4		http://majlis.net/documentation/editors.xml#ngibson	0.6.0-dev	2021-03-10+02:00	change-5		http://majlis.net/documentation/editors.xml#ngibson https://majlis.net/documentation/editors.xml#hfriedel	0.6.0-dev	2021-05-27+02:00	change-6		http://majlis.net/documentation/editors.xml#ngibson	0.6.0-dev	2021-06-10+02:00	change-7		http://majlis.net/documentation/editors.xml#ngibson http://majlis.net/documentation/editors.xml#mtolay http://majlis.net/documentation/editors.xml#rschmahl	0.6.0-dev	2021-06-11+02:00	change-8		http://majlis.net/documentation/editors.xml#ngibson	0.6.0-dev	2021-06-11+02:00	change-9		http://majlis.net/documentation/editors.xml#ngibson	0.6.0-dev	2021-06-23+02:00	change-10
8	Yūsuf al-Baṣīr	name8-1	en	#syriaca-headword	#bib8-1	#mmoliere		Yosef ha-Roʾeh	name8-2	alternate	en	#bib8-2	#mmoliere				ar		#mmoliere				he		#mmoliere			en-x-lhom		#mmoliere				ar			#mmoliere			en-x-lhom		#mmoliere			ar			#mmoliere			en-x-lhom	shuhra		#mmoliere				en-x-lhom		#mmoliere			en-x-lhom		#mmoliere			ar				Yūsuf al-Baṣīr	abstract-en-8	en	abstract	#bib8-1			https://majlis.net/person/8	URI	https://isni.org/isni/0000000096095008	URI	#mmoliere		URI	#mmoliere		URI	#mmoliere		URI	#mmoliere		URI	#mmoliere		URI	#mmoliere		URI	#mmoliere		URI	#mmoliere	_	en	occupation	author	#bib8-1	#mmoliere		author		en	occupation			#mmoliere				en	occupation			#mmoliere				en	occupation			#mmoliere				en	religious-affiliation	#mmoliere	occupation	high				en	religious-affiliation	#mmoliere	descendant-name	low				en	religious-affiliation	#mmoliere	ancestor-name	low				en	religious-affiliation	#mmoliere	given-name	low				en	religious-affiliation	#mmoliere	nisba	high				en	religious-affiliation	#mmoliere					bib8-1			m	_	https://majlis.net/bibl/		entry	section			entry	section			section			bib8-2		ar	m	_	https://majlis.net/bibl/	CREATED: person from spreadsheet https://docs.google.com/spreadsheets/d/1qB4m5KgbYJNMEFvtnhqB1maWcyWmk72SLd2Lev4ReOE/edit#gid=1488304675.                 The canonical record is currently in the spreadsheet. Changes should be made there. THIS FILE SHOULD NOT BE MANUALLY EDITED!	http://majlis.net/documentation/editors.xml#mmoliere	0.2	2021-10-21+02:00	change-1		http://majlis.net/documentation/editors.xml#ngibson	0.3	2020-06-25+02:00	change-2		http://majlis.net/documentation/editors.xml#ngibson	0.6.0-dev	2021-03-08+02:00	change-3		http://majlis.net/documentation/editors.xml#ngibson	0.6.0-dev	2021-03-08+02:00	change-4		http://majlis.net/documentation/editors.xml#ngibson	0.6.0-dev	2021-03-10+02:00	change-5		http://majlis.net/documentation/editors.xml#ngibson https://majlis.net/documentation/editors.xml#hfriedel	0.6.0-dev	2021-05-27+02:00	change-6		http://majlis.net/documentation/editors.xml#ngibson	0.6.0-dev	2021-06-10+02:00	change-7		http://majlis.net/documentation/editors.xml#ngibson http://majlis.net/documentation/editors.xml#mtolay http://majlis.net/documentation/editors.xml#rschmahl	0.6.0-dev	2021-06-11+02:00	change-8		http://majlis.net/documentation/editors.xml#ngibson	0.6.0-dev	2021-06-11+02:00	change-9		http://majlis.net/documentation/editors.xml#ngibson	0.6.0-dev	2021-06-23+02:00	change-10
9	Abū Saʿīd Levi ben Yefet ben ʿElī	name9-1	en	#syriaca-headword	#bib9-1	#mmoliere				alternate	en		#mmoliere				ar		#mmoliere				he		#mmoliere			en-x-lhom		#mmoliere				ar			#mmoliere			en-x-lhom		#mmoliere			ar			#mmoliere			en-x-lhom	shuhra		#mmoliere				en-x-lhom		#mmoliere			en-x-lhom		#mmoliere			ar				Abū Saʿīd Levi ben Yefet ben ʿElī	abstract-en-9	en	abstract	#bib9-1			https://majlis.net/person/9	URI	 https://isni.org/isni/000000006695019X	URI	#mmoliere		URI	#mmoliere		URI	#mmoliere		URI	#mmoliere		URI	#mmoliere		URI	#mmoliere		URI	#mmoliere		URI	#mmoliere	_	en	occupation	author	#bib9-1	#mmoliere		author		en	occupation			#mmoliere				en	occupation			#mmoliere				en	occupation			#mmoliere				en	religious-affiliation	#mmoliere	occupation	high				en	religious-affiliation	#mmoliere	descendant-name	low				en	religious-affiliation	#mmoliere	ancestor-name	low				en	religious-affiliation	#mmoliere	given-name	low				en	religious-affiliation	#mmoliere	nisba	high				en	religious-affiliation	#mmoliere					bib9-1			m	_	https://majlis.net/bibl/		entry	section			entry	section			section			bib9-2		ar	m	_	https://majlis.net/bibl/	CREATED: person from spreadsheet https://docs.google.com/spreadsheets/d/1qB4m5KgbYJNMEFvtnhqB1maWcyWmk72SLd2Lev4ReOE/edit#gid=1488304675.                 The canonical record is currently in the spreadsheet. Changes should be made there. THIS FILE SHOULD NOT BE MANUALLY EDITED!	http://majlis.net/documentation/editors.xml#mmoliere	0.2	2021-10-21+02:00	change-1		http://majlis.net/documentation/editors.xml#ngibson	0.3	2020-06-25+02:00	change-2		http://majlis.net/documentation/editors.xml#ngibson	0.6.0-dev	2021-03-08+02:00	change-3		http://majlis.net/documentation/editors.xml#ngibson	0.6.0-dev	2021-03-08+02:00	change-4		http://majlis.net/documentation/editors.xml#ngibson	0.6.0-dev	2021-03-10+02:00	change-5		http://majlis.net/documentation/editors.xml#ngibson https://majlis.net/documentation/editors.xml#hfriedel	0.6.0-dev	2021-05-27+02:00	change-6		http://majlis.net/documentation/editors.xml#ngibson	0.6.0-dev	2021-06-10+02:00	change-7		http://majlis.net/documentation/editors.xml#ngibson http://majlis.net/documentation/editors.xml#mtolay http://majlis.net/documentation/editors.xml#rschmahl	0.6.0-dev	2021-06-11+02:00	change-8		http://majlis.net/documentation/editors.xml#ngibson	0.6.0-dev	2021-06-11+02:00	change-9		http://majlis.net/documentation/editors.xml#ngibson	0.6.0-dev	2021-06-23+02:00	change-10
10	ʿAbd Allāh	name10-1	en	#syriaca-headword	#bib10-1	#mmoliere		Abū ’l-Faraj Furqān ibn al-Asad	name10-2	alternate	en	#bib10-2	#mmoliere				ar		#mmoliere				he		#mmoliere			en-x-lhom		#mmoliere				ar			#mmoliere			en-x-lhom		#mmoliere			ar			#mmoliere			en-x-lhom	shuhra		#mmoliere				en-x-lhom		#mmoliere			en-x-lhom		#mmoliere	عبد الله	name10-3	ar	#syriaca-headword			Yeshu'ah ben Yehuda 	abstract-en-10	en	abstract	#bib10-1			https://majlis.net/person/10	URI	https://isni.org/isni/0000000044338338	URI	#mmoliere		URI	#mmoliere		URI	#mmoliere		URI	#mmoliere		URI	#mmoliere		URI	#mmoliere		URI	#mmoliere		URI	#mmoliere	_	en	occupation	author	#bib10-1	#mmoliere		author		en	occupation			#mmoliere				en	occupation			#mmoliere				en	occupation			#mmoliere				en	religious-affiliation	#mmoliere	occupation	high				en	religious-affiliation	#mmoliere	descendant-name	low				en	religious-affiliation	#mmoliere	ancestor-name	low				en	religious-affiliation	#mmoliere	given-name	low				en	religious-affiliation	#mmoliere	nisba	high				en	religious-affiliation	#mmoliere					bib10-1			m	_	https://majlis.net/bibl/		entry	section			entry	section			section			bib10-2		ar	m	_	https://majlis.net/bibl/	CREATED: person from spreadsheet https://docs.google.com/spreadsheets/d/1qB4m5KgbYJNMEFvtnhqB1maWcyWmk72SLd2Lev4ReOE/edit#gid=1488304675.                 The canonical record is currently in the spreadsheet. Changes should be made there. THIS FILE SHOULD NOT BE MANUALLY EDITED!	http://majlis.net/documentation/editors.xml#mmoliere	0.2	2021-10-21+02:00	change-1		http://majlis.net/documentation/editors.xml#ngibson	0.3	2020-06-25+02:00	change-2		http://majlis.net/documentation/editors.xml#ngibson	0.6.0-dev	2021-03-08+02:00	change-3		http://majlis.net/documentation/editors.xml#ngibson	0.6.0-dev	2021-03-08+02:00	change-4		http://majlis.net/documentation/editors.xml#ngibson	0.6.0-dev	2021-03-10+02:00	change-5		http://majlis.net/documentation/editors.xml#ngibson https://majlis.net/documentation/editors.xml#hfriedel	0.6.0-dev	2021-05-27+02:00	change-6		http://majlis.net/documentation/editors.xml#ngibson	0.6.0-dev	2021-06-10+02:00	change-7		http://majlis.net/documentation/editors.xml#ngibson http://majlis.net/documentation/editors.xml#mtolay http://majlis.net/documentation/editors.xml#rschmahl	0.6.0-dev	2021-06-11+02:00	change-8		http://majlis.net/documentation/editors.xml#ngibson	0.6.0-dev	2021-06-11+02:00	change-9		http://majlis.net/documentation/editors.xml#ngibson	0.6.0-dev	2021-06-23+02:00	change-10
11	Ṭoviyah b. Moshe	name11-1	en	#syriaca-headword	#bib11-1	#mmoliere				alternate	en		#mmoliere				ar		#mmoliere				he		#mmoliere			en-x-lhom		#mmoliere				ar			#mmoliere			en-x-lhom		#mmoliere			ar			#mmoliere			en-x-lhom	shuhra		#mmoliere				en-x-lhom		#mmoliere			en-x-lhom		#mmoliere			ar				Ṭoviyah b. Moshe	abstract-en-11	en	abstract	#bib11-1			https://majlis.net/person/11	URI	https://isni.org/isni/0000000066935221	URI	#mmoliere		URI	#mmoliere		URI	#mmoliere		URI	#mmoliere		URI	#mmoliere		URI	#mmoliere		URI	#mmoliere		URI	#mmoliere	_	en	occupation	author	#bib11-1	#mmoliere		author		en	occupation			#mmoliere				en	occupation			#mmoliere				en	occupation			#mmoliere				en	religious-affiliation	#mmoliere	occupation	high				en	religious-affiliation	#mmoliere	descendant-name	low				en	religious-affiliation	#mmoliere	ancestor-name	low				en	religious-affiliation	#mmoliere	given-name	low				en	religious-affiliation	#mmoliere	nisba	high				en	religious-affiliation	#mmoliere					bib11-1			m	_	https://majlis.net/bibl/		entry	section			entry	section			section			bib11-2		ar	m	_	https://majlis.net/bibl/	CREATED: person from spreadsheet https://docs.google.com/spreadsheets/d/1qB4m5KgbYJNMEFvtnhqB1maWcyWmk72SLd2Lev4ReOE/edit#gid=1488304675.                 The canonical record is currently in the spreadsheet. Changes should be made there. THIS FILE SHOULD NOT BE MANUALLY EDITED!	http://majlis.net/documentation/editors.xml#mmoliere	0.2	2021-10-21+02:00	change-1		http://majlis.net/documentation/editors.xml#ngibson	0.3	2020-06-25+02:00	change-2		http://majlis.net/documentation/editors.xml#ngibson	0.6.0-dev	2021-03-08+02:00	change-3		http://majlis.net/documentation/editors.xml#ngibson	0.6.0-dev	2021-03-08+02:00	change-4		http://majlis.net/documentation/editors.xml#ngibson	0.6.0-dev	2021-03-10+02:00	change-5		http://majlis.net/documentation/editors.xml#ngibson https://majlis.net/documentation/editors.xml#hfriedel	0.6.0-dev	2021-05-27+02:00	change-6		http://majlis.net/documentation/editors.xml#ngibson	0.6.0-dev	2021-06-10+02:00	change-7		http://majlis.net/documentation/editors.xml#ngibson http://majlis.net/documentation/editors.xml#mtolay http://majlis.net/documentation/editors.xml#rschmahl	0.6.0-dev	2021-06-11+02:00	change-8		http://majlis.net/documentation/editors.xml#ngibson	0.6.0-dev	2021-06-11+02:00	change-9		http://majlis.net/documentation/editors.xml#ngibson	0.6.0-dev	2021-06-23+02:00	change-10
12	Ibn al-Tarās	name12-1	en	#syriaca-headword	#bib12-1	#mmoliere				alternate	en		#mmoliere				ar		#mmoliere				he		#mmoliere			en-x-lhom		#mmoliere				ar			#mmoliere			en-x-lhom		#mmoliere			ar			#mmoliere			en-x-lhom	shuhra		#mmoliere				en-x-lhom		#mmoliere			en-x-lhom		#mmoliere			ar				Ibn al-Tarās	abstract-en-12	en	abstract	#bib12-1			https://majlis.net/person/12	URI	https://onomasticon.irht.cnrs.fr/en/entry/id/4116	URI	#mmoliere		URI	#mmoliere		URI	#mmoliere		URI	#mmoliere		URI	#mmoliere		URI	#mmoliere		URI	#mmoliere		URI	#mmoliere	_	en	occupation	author	#bib12-1	#mmoliere		author		en	occupation			#mmoliere				en	occupation			#mmoliere				en	occupation			#mmoliere				en	religious-affiliation	#mmoliere	occupation	high				en	religious-affiliation	#mmoliere	descendant-name	low				en	religious-affiliation	#mmoliere	ancestor-name	low				en	religious-affiliation	#mmoliere	given-name	low				en	religious-affiliation	#mmoliere	nisba	high				en	religious-affiliation	#mmoliere					bib12-1			m	_	https://majlis.net/bibl/		entry	section			entry	section			section			bib12-2		ar	m	_	https://majlis.net/bibl/	CREATED: person from spreadsheet https://docs.google.com/spreadsheets/d/1qB4m5KgbYJNMEFvtnhqB1maWcyWmk72SLd2Lev4ReOE/edit#gid=1488304675.                 The canonical record is currently in the spreadsheet. Changes should be made there. THIS FILE SHOULD NOT BE MANUALLY EDITED!	http://majlis.net/documentation/editors.xml#mmoliere	0.2	2021-10-21+02:00	change-1		http://majlis.net/documentation/editors.xml#ngibson	0.3	2020-06-25+02:00	change-2		http://majlis.net/documentation/editors.xml#ngibson	0.6.0-dev	2021-03-08+02:00	change-3		http://majlis.net/documentation/editors.xml#ngibson	0.6.0-dev	2021-03-08+02:00	change-4		http://majlis.net/documentation/editors.xml#ngibson	0.6.0-dev	2021-03-10+02:00	change-5		http://majlis.net/documentation/editors.xml#ngibson https://majlis.net/documentation/editors.xml#hfriedel	0.6.0-dev	2021-05-27+02:00	change-6	CHANGED: Corrected faulty import of names classified as Arabic from spreadsheet https://docs.google.com/spreadsheets/d/1ujiT91ua3sA-WX86OWpuE-gDD_E-zONpI1dP70pXdWw/edit#gid=0.	http://majlis.net/documentation/editors.xml#ngibson	0.6.0-dev	2021-06-10+02:00	change-7		http://majlis.net/documentation/editors.xml#ngibson http://majlis.net/documentation/editors.xml#mtolay http://majlis.net/documentation/editors.xml#rschmahl	0.6.0-dev	2021-06-11+02:00	change-8		http://majlis.net/documentation/editors.xml#ngibson	0.6.0-dev	2021-06-11+02:00	change-9		http://majlis.net/documentation/editors.xml#ngibson	0.6.0-dev	2021-06-23+02:00	change-10
13	Abū l-Ḥasan ʿAlī b. Sulaymān	name13-1	en	#syriaca-headword	#bib13-1	#mmoliere		al-Muqaddasī	name13-2	alternate	en	#bib13-2	#mmoliere				ar		#mmoliere				he		#mmoliere			en-x-lhom		#mmoliere				ar			#mmoliere			en-x-lhom		#mmoliere			ar			#mmoliere			en-x-lhom	shuhra		#mmoliere				en-x-lhom		#mmoliere			en-x-lhom		#mmoliere	أبو الحسن علي بن سليمان	name13-3	ar	#syriaca-headword			Abū l-Ḥasan ʿAlī b. Sulaymān	abstract-en-13	en	abstract	#bib13-1			https://majlis.net/person/13	URI		URI	#mmoliere		URI	#mmoliere		URI	#mmoliere		URI	#mmoliere		URI	#mmoliere		URI	#mmoliere		URI	#mmoliere		URI	#mmoliere	_	en	occupation	author	#bib13-1	#mmoliere		author		en	occupation			#mmoliere				en	occupation			#mmoliere				en	occupation			#mmoliere				en	religious-affiliation	#mmoliere	occupation	high				en	religious-affiliation	#mmoliere	descendant-name	low				en	religious-affiliation	#mmoliere	ancestor-name	low				en	religious-affiliation	#mmoliere	given-name	low				en	religious-affiliation	#mmoliere	nisba	high				en	religious-affiliation	#mmoliere					bib13-1			m	_	https://majlis.net/bibl/		entry	section			entry	section			section			bib13-2		ar	m	_	https://majlis.net/bibl/	CREATED: person from spreadsheet https://docs.google.com/spreadsheets/d/1qB4m5KgbYJNMEFvtnhqB1maWcyWmk72SLd2Lev4ReOE/edit#gid=1488304675.                 The canonical record is currently in the spreadsheet. Changes should be made there. THIS FILE SHOULD NOT BE MANUALLY EDITED!	http://majlis.net/documentation/editors.xml#mmoliere	0.2	2021-10-21+02:00	change-1		http://majlis.net/documentation/editors.xml#ngibson	0.3	2020-06-25+02:00	change-2		http://majlis.net/documentation/editors.xml#ngibson	0.6.0-dev	2021-03-08+02:00	change-3		http://majlis.net/documentation/editors.xml#ngibson	0.6.0-dev	2021-03-08+02:00	change-4		http://majlis.net/documentation/editors.xml#ngibson	0.6.0-dev	2021-03-10+02:00	change-5		http://majlis.net/documentation/editors.xml#ngibson https://majlis.net/documentation/editors.xml#hfriedel	0.6.0-dev	2021-05-27+02:00	change-6		http://majlis.net/documentation/editors.xml#ngibson	0.6.0-dev	2021-06-10+02:00	change-7		http://majlis.net/documentation/editors.xml#ngibson http://majlis.net/documentation/editors.xml#mtolay http://majlis.net/documentation/editors.xml#rschmahl	0.6.0-dev	2021-06-11+02:00	change-8		http://majlis.net/documentation/editors.xml#ngibson	0.6.0-dev	2021-06-11+02:00	change-9		http://majlis.net/documentation/editors.xml#ngibson	0.6.0-dev	2021-06-23+02:00	change-10
14	Abū ʾl-Faḍl Sahl ibn al-Faḍl al-Tustarī	name14-1	en	#syriaca-headword	#bib14-1	#mmoliere		Jashar ben Ḥesed ben Jashar	name14-2	alternate	en	#bib14-2	#mmoliere				ar		#mmoliere				he		#mmoliere			en-x-lhom		#mmoliere				ar			#mmoliere			en-x-lhom		#mmoliere			ar			#mmoliere			en-x-lhom	shuhra		#mmoliere				en-x-lhom		#mmoliere			en-x-lhom		#mmoliere			ar				Abū ʾl-Faḍl Sahl ibn al-Faḍl al-Tustarī	abstract-en-14	en	abstract	#bib14-1			https://majlis.net/person/14	URI		URI	#mmoliere		URI	#mmoliere		URI	#mmoliere		URI	#mmoliere		URI	#mmoliere		URI	#mmoliere		URI	#mmoliere		URI	#mmoliere	_	en	occupation	author	#bib14-1	#mmoliere		author		en	occupation			#mmoliere				en	occupation			#mmoliere				en	occupation			#mmoliere				en	religious-affiliation	#mmoliere	occupation	high				en	religious-affiliation	#mmoliere	descendant-name	low				en	religious-affiliation	#mmoliere	ancestor-name	low				en	religious-affiliation	#mmoliere	given-name	low				en	religious-affiliation	#mmoliere	nisba	high				en	religious-affiliation	#mmoliere					bib14-1			m	_	https://majlis.net/bibl/		entry	section			entry	section			section			bib14-2		ar	m	_	https://majlis.net/bibl/	CREATED: person from spreadsheet https://docs.google.com/spreadsheets/d/1qB4m5KgbYJNMEFvtnhqB1maWcyWmk72SLd2Lev4ReOE/edit#gid=1488304675.                 The canonical record is currently in the spreadsheet. Changes should be made there. THIS FILE SHOULD NOT BE MANUALLY EDITED!	http://majlis.net/documentation/editors.xml#mmoliere	0.2	2021-10-21+02:00	change-1		http://majlis.net/documentation/editors.xml#ngibson	0.3	2020-06-25+02:00	change-2		http://majlis.net/documentation/editors.xml#ngibson	0.6.0-dev	2021-03-08+02:00	change-3		http://majlis.net/documentation/editors.xml#ngibson	0.6.0-dev	2021-03-08+02:00	change-4		http://majlis.net/documentation/editors.xml#ngibson	0.6.0-dev	2021-03-10+02:00	change-5		http://majlis.net/documentation/editors.xml#ngibson https://majlis.net/documentation/editors.xml#hfriedel	0.6.0-dev	2021-05-27+02:00	change-6		http://majlis.net/documentation/editors.xml#ngibson	0.6.0-dev	2021-06-10+02:00	change-7		http://majlis.net/documentation/editors.xml#ngibson http://majlis.net/documentation/editors.xml#mtolay http://majlis.net/documentation/editors.xml#rschmahl	0.6.0-dev	2021-06-11+02:00	change-8		http://majlis.net/documentation/editors.xml#ngibson	0.6.0-dev	2021-06-11+02:00	change-9		http://majlis.net/documentation/editors.xml#ngibson	0.6.0-dev	2021-06-23+02:00	change-10
15	ʿAlī ben Abraham al-Ṭawīl (Ramla)	name15-1	en	#syriaca-headword	#bib15-1	#mmoliere				alternate	en		#mmoliere				ar		#mmoliere				he		#mmoliere			en-x-lhom		#mmoliere				ar			#mmoliere			en-x-lhom		#mmoliere			ar			#mmoliere			en-x-lhom	shuhra		#mmoliere				en-x-lhom		#mmoliere			en-x-lhom		#mmoliere			ar				ʿAlī ben Abraham al-Ṭawīl (Ramla)	abstract-en-15	en	abstract	#bib15-1			https://majlis.net/person/15	URI		URI	#mmoliere		URI	#mmoliere		URI	#mmoliere		URI	#mmoliere		URI	#mmoliere		URI	#mmoliere		URI	#mmoliere		URI	#mmoliere	_	en	occupation	author	#bib15-1	#mmoliere		author		en	occupation			#mmoliere				en	occupation			#mmoliere				en	occupation			#mmoliere				en	religious-affiliation	#mmoliere	occupation	high				en	religious-affiliation	#mmoliere	descendant-name	low				en	religious-affiliation	#mmoliere	ancestor-name	low				en	religious-affiliation	#mmoliere	given-name	low				en	religious-affiliation	#mmoliere	nisba	high				en	religious-affiliation	#mmoliere					bib15-1			m	_	https://majlis.net/bibl/		entry	section			entry	section			section			bib15-2		ar	m	_	https://majlis.net/bibl/	CREATED: person from spreadsheet https://docs.google.com/spreadsheets/d/1qB4m5KgbYJNMEFvtnhqB1maWcyWmk72SLd2Lev4ReOE/edit#gid=1488304675.                 The canonical record is currently in the spreadsheet. Changes should be made there. THIS FILE SHOULD NOT BE MANUALLY EDITED!	http://majlis.net/documentation/editors.xml#mmoliere	0.2	2021-10-21+02:00	change-1		http://majlis.net/documentation/editors.xml#ngibson	0.3	2020-06-25+02:00	change-2		http://majlis.net/documentation/editors.xml#ngibson	0.6.0-dev	2021-03-08+02:00	change-3		http://majlis.net/documentation/editors.xml#ngibson	0.6.0-dev	2021-03-08+02:00	change-4		http://majlis.net/documentation/editors.xml#ngibson	0.6.0-dev	2021-03-10+02:00	change-5		http://majlis.net/documentation/editors.xml#ngibson https://majlis.net/documentation/editors.xml#hfriedel	0.6.0-dev	2021-05-27+02:00	change-6		http://majlis.net/documentation/editors.xml#ngibson	0.6.0-dev	2021-06-10+02:00	change-7		http://majlis.net/documentation/editors.xml#ngibson http://majlis.net/documentation/editors.xml#mtolay http://majlis.net/documentation/editors.xml#rschmahl	0.6.0-dev	2021-06-11+02:00	change-8		http://majlis.net/documentation/editors.xml#ngibson	0.6.0-dev	2021-06-11+02:00	change-9		http://majlis.net/documentation/editors.xml#ngibson	0.6.0-dev	2021-06-23+02:00	change-10
16	Ḥananyah ben Yaʿqōv	name16-1	en	#syriaca-headword	#bib16-1	#mmoliere				alternate	en		#mmoliere				ar		#mmoliere				he		#mmoliere			en-x-lhom		#mmoliere				ar			#mmoliere			en-x-lhom		#mmoliere			ar			#mmoliere			en-x-lhom	shuhra		#mmoliere				en-x-lhom		#mmoliere			en-x-lhom		#mmoliere			ar				Ḥananyah ben Yaʿqōv	abstract-en-16	en	abstract	#bib16-1			https://majlis.net/person/16	URI		URI	#mmoliere		URI	#mmoliere		URI	#mmoliere		URI	#mmoliere		URI	#mmoliere		URI	#mmoliere		URI	#mmoliere		URI	#mmoliere	_	en	occupation	author	#bib16-1	#mmoliere		author		en	occupation			#mmoliere				en	occupation			#mmoliere				en	occupation			#mmoliere				en	religious-affiliation	#mmoliere	occupation	high				en	religious-affiliation	#mmoliere	descendant-name	low				en	religious-affiliation	#mmoliere	ancestor-name	low				en	religious-affiliation	#mmoliere	given-name	low				en	religious-affiliation	#mmoliere	nisba	high				en	religious-affiliation	#mmoliere					bib16-1			m	_	https://majlis.net/bibl/		entry	section			entry	section			section			bib16-2		ar	m	_	https://majlis.net/bibl/	CREATED: person from spreadsheet https://docs.google.com/spreadsheets/d/1qB4m5KgbYJNMEFvtnhqB1maWcyWmk72SLd2Lev4ReOE/edit#gid=1488304675.                 The canonical record is currently in the spreadsheet. Changes should be made there. THIS FILE SHOULD NOT BE MANUALLY EDITED!	http://majlis.net/documentation/editors.xml#mmoliere	0.2	2021-10-21+02:00	change-1		http://majlis.net/documentation/editors.xml#ngibson	0.3	2020-06-25+02:00	change-2		http://majlis.net/documentation/editors.xml#ngibson	0.6.0-dev	2021-03-08+02:00	change-3		http://majlis.net/documentation/editors.xml#ngibson	0.6.0-dev	2021-03-08+02:00	change-4		http://majlis.net/documentation/editors.xml#ngibson	0.6.0-dev	2021-03-10+02:00	change-5		http://majlis.net/documentation/editors.xml#ngibson https://majlis.net/documentation/editors.xml#hfriedel	0.6.0-dev	2021-05-27+02:00	change-6		http://majlis.net/documentation/editors.xml#ngibson	0.6.0-dev	2021-06-10+02:00	change-7		http://majlis.net/documentation/editors.xml#ngibson http://majlis.net/documentation/editors.xml#mtolay http://majlis.net/documentation/editors.xml#rschmahl	0.6.0-dev	2021-06-11+02:00	change-8		http://majlis.net/documentation/editors.xml#ngibson	0.6.0-dev	2021-06-11+02:00	change-9		http://majlis.net/documentation/editors.xml#ngibson	0.6.0-dev	2021-06-23+02:00	change-10
17	Abraham al-Harzilānī	name17-1	en	#syriaca-headword	#bib17-1	#mmoliere				alternate	en		#mmoliere				ar		#mmoliere				he		#mmoliere			en-x-lhom		#mmoliere				ar			#mmoliere			en-x-lhom		#mmoliere			ar			#mmoliere			en-x-lhom	shuhra		#mmoliere				en-x-lhom		#mmoliere			en-x-lhom		#mmoliere			ar				Abraham al-Harzilānī	abstract-en-17	en	abstract	#bib17-1			https://majlis.net/person/17	URI		URI	#mmoliere		URI	#mmoliere		URI	#mmoliere		URI	#mmoliere		URI	#mmoliere		URI	#mmoliere		URI	#mmoliere		URI	#mmoliere	_	en	occupation	author	#bib17-1	#mmoliere		author		en	occupation			#mmoliere				en	occupation			#mmoliere				en	occupation			#mmoliere				en	religious-affiliation	#mmoliere	occupation	high				en	religious-affiliation	#mmoliere	descendant-name	low				en	religious-affiliation	#mmoliere	ancestor-name	low				en	religious-affiliation	#mmoliere	given-name	low				en	religious-affiliation	#mmoliere	nisba	high				en	religious-affiliation	#mmoliere					bib17-1			m	_	https://majlis.net/bibl/		entry	section			entry	section			section			bib17-2		ar	m	_	https://majlis.net/bibl/	CREATED: person from spreadsheet https://docs.google.com/spreadsheets/d/1qB4m5KgbYJNMEFvtnhqB1maWcyWmk72SLd2Lev4ReOE/edit#gid=1488304675.                 The canonical record is currently in the spreadsheet. Changes should be made there. THIS FILE SHOULD NOT BE MANUALLY EDITED!	http://majlis.net/documentation/editors.xml#mmoliere	0.2	2021-10-21+02:00	change-1		http://majlis.net/documentation/editors.xml#ngibson	0.3	2020-06-25+02:00	change-2		http://majlis.net/documentation/editors.xml#ngibson	0.6.0-dev	2021-03-08+02:00	change-3		http://majlis.net/documentation/editors.xml#ngibson	0.6.0-dev	2021-03-08+02:00	change-4		http://majlis.net/documentation/editors.xml#ngibson	0.6.0-dev	2021-03-10+02:00	change-5		http://majlis.net/documentation/editors.xml#ngibson https://majlis.net/documentation/editors.xml#hfriedel	0.6.0-dev	2021-05-27+02:00	change-6		http://majlis.net/documentation/editors.xml#ngibson	0.6.0-dev	2021-06-10+02:00	change-7		http://majlis.net/documentation/editors.xml#ngibson http://majlis.net/documentation/editors.xml#mtolay http://majlis.net/documentation/editors.xml#rschmahl	0.6.0-dev	2021-06-11+02:00	change-8		http://majlis.net/documentation/editors.xml#ngibson	0.6.0-dev	2021-06-11+02:00	change-9		http://majlis.net/documentation/editors.xml#ngibson	0.6.0-dev	2021-06-23+02:00	change-10
18	ʿAlī b. Yūsuf Samiyayh/Samiyyah	name18-1	en	#syriaca-headword	#bib18-1	#mmoliere				alternate	en		#mmoliere				ar		#mmoliere				he		#mmoliere			en-x-lhom		#mmoliere				ar			#mmoliere			en-x-lhom		#mmoliere			ar			#mmoliere			en-x-lhom	shuhra		#mmoliere				en-x-lhom		#mmoliere			en-x-lhom		#mmoliere			ar				ʿAlī b. Yūsuf Samiyayh/Samiyyah	abstract-en-18	en	abstract	#bib18-1			https://majlis.net/person/18	URI		URI	#mmoliere		URI	#mmoliere		URI	#mmoliere		URI	#mmoliere		URI	#mmoliere		URI	#mmoliere		URI	#mmoliere		URI	#mmoliere	_	en	occupation	author	#bib18-1	#mmoliere		author		en	occupation			#mmoliere				en	occupation			#mmoliere				en	occupation			#mmoliere				en	religious-affiliation	#mmoliere	occupation	high				en	religious-affiliation	#mmoliere	descendant-name	low				en	religious-affiliation	#mmoliere	ancestor-name	low				en	religious-affiliation	#mmoliere	given-name	low				en	religious-affiliation	#mmoliere	nisba	high				en	religious-affiliation	#mmoliere					bib18-1			m	_	https://majlis.net/bibl/		entry	section			entry	section			section			bib18-2		ar	m	_	https://majlis.net/bibl/	CREATED: person from spreadsheet https://docs.google.com/spreadsheets/d/1qB4m5KgbYJNMEFvtnhqB1maWcyWmk72SLd2Lev4ReOE/edit#gid=1488304675.                 The canonical record is currently in the spreadsheet. Changes should be made there. THIS FILE SHOULD NOT BE MANUALLY EDITED!	http://majlis.net/documentation/editors.xml#mmoliere	0.2	2021-10-21+02:00	change-1		http://majlis.net/documentation/editors.xml#ngibson	0.3	2020-06-25+02:00	change-2		http://majlis.net/documentation/editors.xml#ngibson	0.6.0-dev	2021-03-08+02:00	change-3		http://majlis.net/documentation/editors.xml#ngibson	0.6.0-dev	2021-03-08+02:00	change-4		http://majlis.net/documentation/editors.xml#ngibson	0.6.0-dev	2021-03-10+02:00	change-5		http://majlis.net/documentation/editors.xml#ngibson https://majlis.net/documentation/editors.xml#hfriedel	0.6.0-dev	2021-05-27+02:00	change-6		http://majlis.net/documentation/editors.xml#ngibson	0.6.0-dev	2021-06-10+02:00	change-7		http://majlis.net/documentation/editors.xml#ngibson http://majlis.net/documentation/editors.xml#mtolay http://majlis.net/documentation/editors.xml#rschmahl	0.6.0-dev	2021-06-11+02:00	change-8		http://majlis.net/documentation/editors.xml#ngibson	0.6.0-dev	2021-06-11+02:00	change-9		http://majlis.net/documentation/editors.xml#ngibson	0.6.0-dev	2021-06-23+02:00	change-10
19	Yūsuf b. Ṣabatīyā(?)	name19-1	en	#syriaca-headword	#bib19-1	#mmoliere				alternate	en		#mmoliere				ar		#mmoliere				he		#mmoliere			en-x-lhom		#mmoliere				ar			#mmoliere			en-x-lhom		#mmoliere			ar			#mmoliere			en-x-lhom	shuhra		#mmoliere				en-x-lhom		#mmoliere			en-x-lhom		#mmoliere			ar				Yūsuf b. Ṣabatīyā(?)	abstract-en-19	en	abstract	#bib19-1			https://majlis.net/person/19	URI		URI	#mmoliere		URI	#mmoliere		URI	#mmoliere		URI	#mmoliere		URI	#mmoliere		URI	#mmoliere		URI	#mmoliere		URI	#mmoliere	_	en	occupation	author	#bib19-1	#mmoliere		author		en	occupation			#mmoliere				en	occupation			#mmoliere				en	occupation			#mmoliere				en	religious-affiliation	#mmoliere	occupation	high				en	religious-affiliation	#mmoliere	descendant-name	low				en	religious-affiliation	#mmoliere	ancestor-name	low				en	religious-affiliation	#mmoliere	given-name	low				en	religious-affiliation	#mmoliere	nisba	high				en	religious-affiliation	#mmoliere					bib19-1			m	_	https://majlis.net/bibl/		entry	section			entry	section			section			bib19-2		ar	m	_	https://majlis.net/bibl/	CREATED: person from spreadsheet https://docs.google.com/spreadsheets/d/1qB4m5KgbYJNMEFvtnhqB1maWcyWmk72SLd2Lev4ReOE/edit#gid=1488304675.                 The canonical record is currently in the spreadsheet. Changes should be made there. THIS FILE SHOULD NOT BE MANUALLY EDITED!	http://majlis.net/documentation/editors.xml#mmoliere	0.2	2021-10-21+02:00	change-1		http://majlis.net/documentation/editors.xml#ngibson	0.3	2020-06-25+02:00	change-2		http://majlis.net/documentation/editors.xml#ngibson	0.6.0-dev	2021-03-08+02:00	change-3		http://majlis.net/documentation/editors.xml#ngibson	0.6.0-dev	2021-03-08+02:00	change-4		http://majlis.net/documentation/editors.xml#ngibson	0.6.0-dev	2021-03-10+02:00	change-5		http://majlis.net/documentation/editors.xml#ngibson https://majlis.net/documentation/editors.xml#hfriedel	0.6.0-dev	2021-05-27+02:00	change-6	CHANGED: Corrected faulty import of names classified as Arabic from spreadsheet https://docs.google.com/spreadsheets/d/1ujiT91ua3sA-WX86OWpuE-gDD_E-zONpI1dP70pXdWw/edit#gid=0.	http://majlis.net/documentation/editors.xml#ngibson	0.6.0-dev	2021-06-10+02:00	change-7		http://majlis.net/documentation/editors.xml#ngibson http://majlis.net/documentation/editors.xml#mtolay http://majlis.net/documentation/editors.xml#rschmahl	0.6.0-dev	2021-06-11+02:00	change-8		http://majlis.net/documentation/editors.xml#ngibson	0.6.0-dev	2021-06-11+02:00	change-9		http://majlis.net/documentation/editors.xml#ngibson	0.6.0-dev	2021-06-23+02:00	change-10
20	Samuel ben Asher b. Manṣūr	name20-1	en	#syriaca-headword	#bib20-1	#mmoliere		Abū l-Ṭayyib al-Jabalī	name20-2	alternate	en	#bib20-2	#mmoliere				ar		#mmoliere				he		#mmoliere			en-x-lhom		#mmoliere				ar			#mmoliere			en-x-lhom		#mmoliere			ar			#mmoliere			en-x-lhom	shuhra		#mmoliere				en-x-lhom		#mmoliere			en-x-lhom		#mmoliere			ar				Samuel ben Asher b. Manṣūr	abstract-en-20	en	abstract	#bib20-1			https://majlis.net/person/20	URI		URI	#mmoliere		URI	#mmoliere		URI	#mmoliere		URI	#mmoliere		URI	#mmoliere		URI	#mmoliere		URI	#mmoliere		URI	#mmoliere	_	en	occupation	author	#bib20-1	#mmoliere		author		en	occupation			#mmoliere				en	occupation			#mmoliere				en	occupation			#mmoliere				en	religious-affiliation	#mmoliere	occupation	high				en	religious-affiliation	#mmoliere	descendant-name	low				en	religious-affiliation	#mmoliere	ancestor-name	low				en	religious-affiliation	#mmoliere	given-name	low				en	religious-affiliation	#mmoliere	nisba	high				en	religious-affiliation	#mmoliere					bib20-1			m	_	https://majlis.net/bibl/		entry	section			entry	section			section			bib20-2		ar	m	_	https://majlis.net/bibl/	CREATED: person from spreadsheet https://docs.google.com/spreadsheets/d/1qB4m5KgbYJNMEFvtnhqB1maWcyWmk72SLd2Lev4ReOE/edit#gid=1488304675.                 The canonical record is currently in the spreadsheet. Changes should be made there. THIS FILE SHOULD NOT BE MANUALLY EDITED!	http://majlis.net/documentation/editors.xml#mmoliere	0.2	2021-10-21+02:00	change-1		http://majlis.net/documentation/editors.xml#ngibson	0.3	2020-06-25+02:00	change-2		http://majlis.net/documentation/editors.xml#ngibson	0.6.0-dev	2021-03-08+02:00	change-3		http://majlis.net/documentation/editors.xml#ngibson	0.6.0-dev	2021-03-08+02:00	change-4		http://majlis.net/documentation/editors.xml#ngibson	0.6.0-dev	2021-03-10+02:00	change-5		http://majlis.net/documentation/editors.xml#ngibson https://majlis.net/documentation/editors.xml#hfriedel	0.6.0-dev	2021-05-27+02:00	change-6		http://majlis.net/documentation/editors.xml#ngibson	0.6.0-dev	2021-06-10+02:00	change-7		http://majlis.net/documentation/editors.xml#ngibson http://majlis.net/documentation/editors.xml#mtolay http://majlis.net/documentation/editors.xml#rschmahl	0.6.0-dev	2021-06-11+02:00	change-8		http://majlis.net/documentation/editors.xml#ngibson	0.6.0-dev	2021-06-11+02:00	change-9		http://majlis.net/documentation/editors.xml#ngibson	0.6.0-dev	2021-06-23+02:00	change-10
21	Yaʿqov ben Shimʿon	name21-1	en	#syriaca-headword	#bib21-1	#mmoliere				alternate	en		#mmoliere				ar		#mmoliere				he		#mmoliere			en-x-lhom		#mmoliere				ar			#mmoliere			en-x-lhom		#mmoliere			ar			#mmoliere			en-x-lhom	shuhra		#mmoliere				en-x-lhom		#mmoliere			en-x-lhom		#mmoliere			ar				Yaʿqov ben Shimʿon	abstract-en-21	en	abstract	#bib21-1			https://majlis.net/person/21	URI		URI	#mmoliere		URI	#mmoliere		URI	#mmoliere		URI	#mmoliere		URI	#mmoliere		URI	#mmoliere		URI	#mmoliere		URI	#mmoliere	_	en	occupation	author	#bib21-1	#mmoliere		author		en	occupation			#mmoliere				en	occupation			#mmoliere				en	occupation			#mmoliere				en	religious-affiliation	#mmoliere	occupation	high				en	religious-affiliation	#mmoliere	descendant-name	low				en	religious-affiliation	#mmoliere	ancestor-name	low				en	religious-affiliation	#mmoliere	given-name	low				en	religious-affiliation	#mmoliere	nisba	high				en	religious-affiliation	#mmoliere					bib21-1			m	_	https://majlis.net/bibl/		entry	section			entry	section			section			bib21-2		ar	m	_	https://majlis.net/bibl/	CREATED: person from spreadsheet https://docs.google.com/spreadsheets/d/1qB4m5KgbYJNMEFvtnhqB1maWcyWmk72SLd2Lev4ReOE/edit#gid=1488304675.                 The canonical record is currently in the spreadsheet. Changes should be made there. THIS FILE SHOULD NOT BE MANUALLY EDITED!	http://majlis.net/documentation/editors.xml#mmoliere	0.2	2021-10-21+02:00	change-1		http://majlis.net/documentation/editors.xml#ngibson	0.3	2020-06-25+02:00	change-2		http://majlis.net/documentation/editors.xml#ngibson	0.6.0-dev	2021-03-08+02:00	change-3		http://majlis.net/documentation/editors.xml#ngibson	0.6.0-dev	2021-03-08+02:00	change-4		http://majlis.net/documentation/editors.xml#ngibson	0.6.0-dev	2021-03-10+02:00	change-5		http://majlis.net/documentation/editors.xml#ngibson https://majlis.net/documentation/editors.xml#hfriedel	0.6.0-dev	2021-05-27+02:00	change-6		http://majlis.net/documentation/editors.xml#ngibson	0.6.0-dev	2021-06-10+02:00	change-7		http://majlis.net/documentation/editors.xml#ngibson http://majlis.net/documentation/editors.xml#mtolay http://majlis.net/documentation/editors.xml#rschmahl	0.6.0-dev	2021-06-11+02:00	change-8		http://majlis.net/documentation/editors.xml#ngibson	0.6.0-dev	2021-06-11+02:00	change-9		http://majlis.net/documentation/editors.xml#ngibson	0.6.0-dev	2021-06-23+02:00	change-10
22	ʿAzaryā b. Ṣāliḥ	name22-1	en	#syriaca-headword	#bib22-1	#mmoliere				alternate	en		#mmoliere				ar		#mmoliere				he		#mmoliere			en-x-lhom		#mmoliere				ar			#mmoliere			en-x-lhom		#mmoliere			ar			#mmoliere			en-x-lhom	shuhra		#mmoliere				en-x-lhom		#mmoliere			en-x-lhom		#mmoliere			ar				ʿAzaryā b. Ṣāliḥ	abstract-en-22	en	abstract	#bib22-1			https://majlis.net/person/22	URI		URI	#mmoliere		URI	#mmoliere		URI	#mmoliere		URI	#mmoliere		URI	#mmoliere		URI	#mmoliere		URI	#mmoliere		URI	#mmoliere	_	en	occupation	author	#bib22-1	#mmoliere		author		en	occupation			#mmoliere				en	occupation			#mmoliere				en	occupation			#mmoliere				en	religious-affiliation	#mmoliere	occupation	high				en	religious-affiliation	#mmoliere	descendant-name	low				en	religious-affiliation	#mmoliere	ancestor-name	low				en	religious-affiliation	#mmoliere	given-name	low				en	religious-affiliation	#mmoliere	nisba	high				en	religious-affiliation	#mmoliere					bib22-1			m	_	https://majlis.net/bibl/		entry	section			entry	section			section			bib22-2		ar	m	_	https://majlis.net/bibl/	CREATED: person from spreadsheet https://docs.google.com/spreadsheets/d/1qB4m5KgbYJNMEFvtnhqB1maWcyWmk72SLd2Lev4ReOE/edit#gid=1488304675.                 The canonical record is currently in the spreadsheet. Changes should be made there. THIS FILE SHOULD NOT BE MANUALLY EDITED!	http://majlis.net/documentation/editors.xml#mmoliere	0.2	2021-10-21+02:00	change-1		http://majlis.net/documentation/editors.xml#ngibson	0.3	2020-06-25+02:00	change-2		http://majlis.net/documentation/editors.xml#ngibson	0.6.0-dev	2021-03-08+02:00	change-3		http://majlis.net/documentation/editors.xml#ngibson	0.6.0-dev	2021-03-08+02:00	change-4		http://majlis.net/documentation/editors.xml#ngibson	0.6.0-dev	2021-03-10+02:00	change-5		http://majlis.net/documentation/editors.xml#ngibson https://majlis.net/documentation/editors.xml#hfriedel	0.6.0-dev	2021-05-27+02:00	change-6		http://majlis.net/documentation/editors.xml#ngibson	0.6.0-dev	2021-06-10+02:00	change-7		http://majlis.net/documentation/editors.xml#ngibson http://majlis.net/documentation/editors.xml#mtolay http://majlis.net/documentation/editors.xml#rschmahl	0.6.0-dev	2021-06-11+02:00	change-8		http://majlis.net/documentation/editors.xml#ngibson	0.6.0-dev	2021-06-11+02:00	change-9		http://majlis.net/documentation/editors.xml#ngibson	0.6.0-dev	2021-06-23+02:00	change-10
23	Yisraʾel ben Daniel	name23-1	en	#syriaca-headword	#bib23-1	#mmoliere				alternate	en		#mmoliere				ar		#mmoliere				he		#mmoliere			en-x-lhom		#mmoliere				ar			#mmoliere			en-x-lhom		#mmoliere			ar			#mmoliere			en-x-lhom	shuhra		#mmoliere				en-x-lhom		#mmoliere			en-x-lhom		#mmoliere			ar				Yisraʾel ben Daniel	abstract-en-23	en	abstract	#bib23-1			https://majlis.net/person/23	URI		URI	#mmoliere		URI	#mmoliere		URI	#mmoliere		URI	#mmoliere		URI	#mmoliere		URI	#mmoliere		URI	#mmoliere		URI	#mmoliere	_	en	occupation	author	#bib23-1	#mmoliere		author		en	occupation			#mmoliere				en	occupation			#mmoliere				en	occupation			#mmoliere				en	religious-affiliation	#mmoliere	occupation	high				en	religious-affiliation	#mmoliere	descendant-name	low				en	religious-affiliation	#mmoliere	ancestor-name	low				en	religious-affiliation	#mmoliere	given-name	low				en	religious-affiliation	#mmoliere	nisba	high				en	religious-affiliation	#mmoliere					bib23-1			m	_	https://majlis.net/bibl/		entry	section			entry	section			section			bib23-2		ar	m	_	https://majlis.net/bibl/	CREATED: person from spreadsheet https://docs.google.com/spreadsheets/d/1qB4m5KgbYJNMEFvtnhqB1maWcyWmk72SLd2Lev4ReOE/edit#gid=1488304675.                 The canonical record is currently in the spreadsheet. Changes should be made there. THIS FILE SHOULD NOT BE MANUALLY EDITED!	http://majlis.net/documentation/editors.xml#mmoliere	0.2	2021-10-21+02:00	change-1		http://majlis.net/documentation/editors.xml#ngibson	0.3	2020-06-25+02:00	change-2		http://majlis.net/documentation/editors.xml#ngibson	0.6.0-dev	2021-03-08+02:00	change-3		http://majlis.net/documentation/editors.xml#ngibson	0.6.0-dev	2021-03-08+02:00	change-4		http://majlis.net/documentation/editors.xml#ngibson	0.6.0-dev	2021-03-10+02:00	change-5		http://majlis.net/documentation/editors.xml#ngibson https://majlis.net/documentation/editors.xml#hfriedel	0.6.0-dev	2021-05-27+02:00	change-6		http://majlis.net/documentation/editors.xml#ngibson	0.6.0-dev	2021-06-10+02:00	change-7		http://majlis.net/documentation/editors.xml#ngibson http://majlis.net/documentation/editors.xml#mtolay http://majlis.net/documentation/editors.xml#rschmahl	0.6.0-dev	2021-06-11+02:00	change-8		http://majlis.net/documentation/editors.xml#ngibson	0.6.0-dev	2021-06-11+02:00	change-9		http://majlis.net/documentation/editors.xml#ngibson	0.6.0-dev	2021-06-23+02:00	change-10
24	David al-Fāsī	name24-1	en	#syriaca-headword	#bib24-1	#mmoliere				alternate	en		#mmoliere				ar		#mmoliere				he		#mmoliere			en-x-lhom		#mmoliere				ar			#mmoliere			en-x-lhom		#mmoliere			ar			#mmoliere			en-x-lhom	shuhra		#mmoliere				en-x-lhom		#mmoliere			en-x-lhom		#mmoliere			ar				David al-Fāsī	abstract-en-24	en	abstract	#bib24-1			https://majlis.net/person/24	URI		URI	#mmoliere		URI	#mmoliere		URI	#mmoliere		URI	#mmoliere		URI	#mmoliere		URI	#mmoliere		URI	#mmoliere		URI	#mmoliere	_	en	occupation	author	#bib24-1	#mmoliere		author		en	occupation			#mmoliere				en	occupation			#mmoliere				en	occupation			#mmoliere				en	religious-affiliation	#mmoliere	occupation	high				en	religious-affiliation	#mmoliere	descendant-name	low				en	religious-affiliation	#mmoliere	ancestor-name	low				en	religious-affiliation	#mmoliere	given-name	low				en	religious-affiliation	#mmoliere	nisba	high				en	religious-affiliation	#mmoliere					bib24-1			m	_	https://majlis.net/bibl/		entry	section			entry	section			section			bib24-2		ar	m	_	https://majlis.net/bibl/	CREATED: person from spreadsheet https://docs.google.com/spreadsheets/d/1qB4m5KgbYJNMEFvtnhqB1maWcyWmk72SLd2Lev4ReOE/edit#gid=1488304675.                 The canonical record is currently in the spreadsheet. Changes should be made there. THIS FILE SHOULD NOT BE MANUALLY EDITED!	http://majlis.net/documentation/editors.xml#mmoliere	0.2	2021-10-21+02:00	change-1		http://majlis.net/documentation/editors.xml#ngibson	0.3	2020-06-25+02:00	change-2		http://majlis.net/documentation/editors.xml#ngibson	0.6.0-dev	2021-03-08+02:00	change-3		http://majlis.net/documentation/editors.xml#ngibson	0.6.0-dev	2021-03-08+02:00	change-4		http://majlis.net/documentation/editors.xml#ngibson	0.6.0-dev	2021-03-10+02:00	change-5		http://majlis.net/documentation/editors.xml#ngibson https://majlis.net/documentation/editors.xml#hfriedel	0.6.0-dev	2021-05-27+02:00	change-6		http://majlis.net/documentation/editors.xml#ngibson	0.6.0-dev	2021-06-10+02:00	change-7		http://majlis.net/documentation/editors.xml#ngibson http://majlis.net/documentation/editors.xml#mtolay http://majlis.net/documentation/editors.xml#rschmahl	0.6.0-dev	2021-06-11+02:00	change-8		http://majlis.net/documentation/editors.xml#ngibson	0.6.0-dev	2021-06-11+02:00	change-9		http://majlis.net/documentation/editors.xml#ngibson	0.6.0-dev	2021-06-23+02:00	change-10
25	Yūsuf ibn Nūḥ	name25-1	en	#syriaca-headword	#bib25-1	#mmoliere		 Abū Yaʿqūb, Ibn Bakhtawayh	name25-2	alternate	en	#bib25-2	#mmoliere				ar		#mmoliere				he		#mmoliere			en-x-lhom		#mmoliere				ar			#mmoliere			en-x-lhom		#mmoliere			ar			#mmoliere			en-x-lhom	shuhra		#mmoliere				en-x-lhom		#mmoliere			en-x-lhom		#mmoliere	يوسف بن نوح	name25-3	ar	#syriaca-headword			Yūsuf ibn Nūḥ	abstract-en-25	en	abstract	#bib25-1			https://majlis.net/person/25	URI	https://isni.org/isni/000000011663660X	URI	#mmoliere		URI	#mmoliere		URI	#mmoliere		URI	#mmoliere		URI	#mmoliere		URI	#mmoliere		URI	#mmoliere		URI	#mmoliere	_	en	occupation	author	#bib25-1	#mmoliere		author		en	occupation			#mmoliere				en	occupation			#mmoliere				en	occupation			#mmoliere				en	religious-affiliation	#mmoliere	occupation	high				en	religious-affiliation	#mmoliere	descendant-name	low				en	religious-affiliation	#mmoliere	ancestor-name	low				en	religious-affiliation	#mmoliere	given-name	low				en	religious-affiliation	#mmoliere	nisba	high				en	religious-affiliation	#mmoliere					bib25-1			m	_	https://majlis.net/bibl/		entry	section			entry	section			section			bib25-2		ar	m	_	https://majlis.net/bibl/	CREATED: person from spreadsheet https://docs.google.com/spreadsheets/d/1qB4m5KgbYJNMEFvtnhqB1maWcyWmk72SLd2Lev4ReOE/edit#gid=1488304675.                 The canonical record is currently in the spreadsheet. Changes should be made there. THIS FILE SHOULD NOT BE MANUALLY EDITED!	http://majlis.net/documentation/editors.xml#mmoliere	0.2	2021-10-21+02:00	change-1		http://majlis.net/documentation/editors.xml#ngibson	0.3	2020-06-25+02:00	change-2		http://majlis.net/documentation/editors.xml#ngibson	0.6.0-dev	2021-03-08+02:00	change-3		http://majlis.net/documentation/editors.xml#ngibson	0.6.0-dev	2021-03-08+02:00	change-4		http://majlis.net/documentation/editors.xml#ngibson	0.6.0-dev	2021-03-10+02:00	change-5		http://majlis.net/documentation/editors.xml#ngibson https://majlis.net/documentation/editors.xml#hfriedel	0.6.0-dev	2021-05-27+02:00	change-6		http://majlis.net/documentation/editors.xml#ngibson	0.6.0-dev	2021-06-10+02:00	change-7		http://majlis.net/documentation/editors.xml#ngibson http://majlis.net/documentation/editors.xml#mtolay http://majlis.net/documentation/editors.xml#rschmahl	0.6.0-dev	2021-06-11+02:00	change-8		http://majlis.net/documentation/editors.xml#ngibson	0.6.0-dev	2021-06-11+02:00	change-9		http://majlis.net/documentation/editors.xml#ngibson	0.6.0-dev	2021-06-23+02:00	change-10